patient_id,beta_blocker,estimator,rmse,bias,danger_minutes,missed_danger_minutes
P0000,False,ECTemp (HR only),0.14567124144850654,0.10659598796607277,205,0
P0000,False,ThermoTwin (medication-aware),0.14567124144850654,0.10659598796607277,205,0
P0001,True,ECTemp (HR only),1.1043872875711318,-1.0987215959070462,340,258
P0001,True,ThermoTwin (medication-aware),0.4620816813352106,-0.40828977217497864,340,49
P0002,False,ECTemp (HR only),0.150113003869718,0.11807234860344212,268,2
P0002,False,ThermoTwin (medication-aware),0.150113003869718,0.11807234860344212,268,2
P0003,True,ECTemp (HR only),0.6397713095704267,-0.6357907591983509,176,176
P0003,True,ThermoTwin (medication-aware),0.19371408905338425,-0.17106032659752307,176,163
P0004,True,ECTemp (HR only),0.5512966941509398,-0.5444414283862575,253,253
P0004,True,ThermoTwin (medication-aware),0.13372895585163241,-0.017632518052153875,253,36
P0005,False,ECTemp (HR only),0.2025221036983009,-0.19389839650043517,74,74
P0005,False,ThermoTwin (medication-aware),0.2025221036983009,-0.19389839650043517,74,74
P0006,False,ECTemp (HR only),0.19745636219115972,0.186235729106499,0,0
P0006,False,ThermoTwin (medication-aware),0.19745636219115972,0.186235729106499,0,0
P0007,True,ECTemp (HR only),0.4460911118251991,-0.4409359356105229,70,70
P0007,True,ThermoTwin (medication-aware),0.11407710940556107,0.05724086545567351,70,0
P0008,True,ECTemp (HR only),0.5564243756201589,-0.5537905649273683,117,117
P0008,True,ThermoTwin (medication-aware),0.11545579483714741,-0.0391091198441808,117,4
P0009,True,ECTemp (HR only),0.5186663022882864,-0.5158925601234798,257,257
P0009,True,ThermoTwin (medication-aware),0.1413110589534573,-0.014232887636967284,257,23
P0010,False,ECTemp (HR only),0.08953916764807301,0.015095852633452663,216,16
P0010,False,ThermoTwin (medication-aware),0.08953916764807301,0.015095852633452663,216,16
P0011,False,ECTemp (HR only),0.08492928654281102,0.049759947714782884,0,0
P0011,False,ThermoTwin (medication-aware),0.08492928654281102,0.049759947714782884,0,0
P0012,True,ECTemp (HR only),0.4425643891056565,-0.4370074249424958,43,43
P0012,True,ThermoTwin (medication-aware),0.10990299725767304,0.03368772155148988,43,3
P0013,False,ECTemp (HR only),0.12398628827461512,0.10185179122701837,212,0
P0013,False,ThermoTwin (medication-aware),0.12398628827461512,0.10185179122701837,212,0
P0014,False,ECTemp (HR only),0.17471903740517158,-0.16376241046357815,0,0
P0014,False,ThermoTwin (medication-aware),0.17471903740517158,-0.16376241046357815,0,0
P0015,True,ECTemp (HR only),0.3824510820650774,-0.37732350946143206,98,98
P0015,True,ThermoTwin (medication-aware),0.22109293518460543,0.15885182091915295,98,0
P0016,True,ECTemp (HR only),0.7318833636499315,-0.7285654832189585,302,302
P0016,True,ThermoTwin (medication-aware),0.26940019858823094,-0.23800387632994535,302,189
P0017,True,ECTemp (HR only),0.4418628866523124,-0.43907855767124615,310,310
P0017,True,ThermoTwin (medication-aware),0.2192100042943319,0.1328092664886482,310,17
P0018,False,ECTemp (HR only),0.0975741135797686,-0.020855532575492396,304,20
P0018,False,ThermoTwin (medication-aware),0.0975741135797686,-0.020855532575492396,304,20
P0019,False,ECTemp (HR only),0.17544606114928,-0.16863373646303734,0,0
P0019,False,ThermoTwin (medication-aware),0.17544606114928,-0.16863373646303734,0,0
P0020,True,ECTemp (HR only),0.4914558401589998,-0.483977591135521,0,0
P0020,True,ThermoTwin (medication-aware),0.1264534469520882,-0.1053207258492562,0,0
P0021,False,ECTemp (HR only),0.2011182093935512,-0.19708296216927662,0,0
P0021,False,ThermoTwin (medication-aware),0.2011182093935512,-0.19708296216927662,0,0
P0022,False,ECTemp (HR only),0.06615612307439603,-0.02067196408300218,81,1
P0022,False,ThermoTwin (medication-aware),0.06615612307439603,-0.02067196408300218,81,1
P0023,True,ECTemp (HR only),0.28507631700384045,-0.2762662786636109,0,0
P0023,True,ThermoTwin (medication-aware),0.2416320791098394,0.21147512281877745,0,0
P0024,True,ECTemp (HR only),0.2379242237249531,-0.2300481286950389,0,0
P0024,True,ThermoTwin (medication-aware),0.31690274866949697,0.28154373390548926,0,0
P0025,False,ECTemp (HR only),0.2890239893692473,0.249183803845953,277,0
P0025,False,ThermoTwin (medication-aware),0.2890239893692473,0.249183803845953,277,0
P0026,True,ECTemp (HR only),0.4313420294769339,-0.4224351543565081,208,208
P0026,True,ThermoTwin (medication-aware),0.14758457341284625,0.07360787978250957,208,4
P0027,False,ECTemp (HR only),0.23670066950289248,0.21820290525244357,12,0
P0027,False,ThermoTwin (medication-aware),0.23670066950289248,0.21820290525244357,12,0
P0028,True,ECTemp (HR only),0.3600600162756552,-0.35065485520829176,0,0
P0028,True,ThermoTwin (medication-aware),0.15389419275529528,0.10314961733482908,0,0
P0029,False,ECTemp (HR only),0.2275180394357927,0.20966069357297978,1,0
P0029,False,ThermoTwin (medication-aware),0.2275180394357927,0.20966069357297978,1,0
P0030,False,ECTemp (HR only),0.23548623996358994,0.20104753951427068,240,0
P0030,False,ThermoTwin (medication-aware),0.23548623996358994,0.20104753951427068,240,0
P0031,False,ECTemp (HR only),0.29360120790236116,-0.29086734581948204,0,0
P0031,False,ThermoTwin (medication-aware),0.29360120790236116,-0.29086734581948204,0,0
P0032,False,ECTemp (HR only),0.29909341077128343,-0.2927879159008945,261,252
P0032,False,ThermoTwin (medication-aware),0.29909341077128343,-0.2927879159008945,261,252
P0033,True,ECTemp (HR only),0.27625308460762654,-0.2723138205299372,0,0
P0033,True,ThermoTwin (medication-aware),0.23706201836722016,0.2116810228292714,0,0
P0034,True,ECTemp (HR only),0.6124171839603852,-0.6060984874933866,4,4
P0034,True,ThermoTwin (medication-aware),0.20279128153064932,-0.19019277726320846,4,4
P0035,False,ECTemp (HR only),0.12817631719946007,0.05591433028289286,322,10
P0035,False,ThermoTwin (medication-aware),0.12817631719946007,0.05591433028289286,322,10
P0036,False,ECTemp (HR only),0.17434782099428475,0.16497347619300415,0,0
P0036,False,ThermoTwin (medication-aware),0.17434782099428475,0.16497347619300415,0,0
P0037,True,ECTemp (HR only),0.6109736931412331,-0.6064959160484472,290,290
P0037,True,ThermoTwin (medication-aware),0.133283582811219,-0.07621162016609835,290,68
P0038,False,ECTemp (HR only),0.5912011684546385,-0.5880786121509278,0,0
P0038,False,ThermoTwin (medication-aware),0.5912011684546385,-0.5880786121509278,0,0
P0039,False,ECTemp (HR only),0.17691061917296563,0.13199298964959932,132,0
P0039,False,ThermoTwin (medication-aware),0.17691061917296563,0.13199298964959932,132,0
P0040,True,ECTemp (HR only),0.4159112320418894,-0.41053101083415794,185,185
P0040,True,ThermoTwin (medication-aware),0.21285966369954526,0.1530317752334519,185,2
P0041,True,ECTemp (HR only),0.10268576181781919,-0.08552233670155954,0,0
P0041,True,ThermoTwin (medication-aware),0.4023495839702297,0.37656496379211285,0,0
P0042,False,ECTemp (HR only),0.17997569003037403,0.1469673932974797,131,0
P0042,False,ThermoTwin (medication-aware),0.17997569003037403,0.1469673932974797,131,0
P0043,True,ECTemp (HR only),0.7748517952075029,-0.7691182013800131,0,0
P0043,True,ThermoTwin (medication-aware),0.43185203973121766,-0.42751376487352666,0,0
P0044,True,ECTemp (HR only),0.5002185807659744,-0.4924159184766075,0,0
P0044,True,ThermoTwin (medication-aware),0.11257240036374425,-0.07696694166452799,0,0
P0045,False,ECTemp (HR only),0.23026706813291564,0.18880061687002012,276,0
P0045,False,ThermoTwin (medication-aware),0.23026706813291564,0.18880061687002012,276,0
P0046,True,ECTemp (HR only),0.5036868214052436,-0.4970445094977058,107,107
P0046,True,ThermoTwin (medication-aware),0.08390177672711759,0.010961617526151792,107,2
P0047,True,ECTemp (HR only),0.32275131712788907,-0.3176734577660715,13,13
P0047,True,ThermoTwin (medication-aware),0.30728771745282263,0.2504005128772524,13,0
P0048,True,ECTemp (HR only),0.7143474785860505,-0.711743743729703,311,311
P0048,True,ThermoTwin (medication-aware),0.2191350254308028,-0.13719752487168746,311,80
P0049,True,ECTemp (HR only),0.75475508765834,-0.749974344767253,0,0
P0049,True,ThermoTwin (medication-aware),0.43435237226622514,-0.4319089529895727,0,0
P0050,True,ECTemp (HR only),0.40362252262104925,-0.39765034756606277,0,0
P0050,True,ThermoTwin (medication-aware),0.18409912377969023,0.12797618642413428,0,0
P0051,False,ECTemp (HR only),0.098919795074311,-0.014951373825665075,312,20
P0051,False,ThermoTwin (medication-aware),0.098919795074311,-0.014951373825665075,312,20
P0052,True,ECTemp (HR only),0.31741104148093247,-0.3113206592536957,0,0
P0052,True,ThermoTwin (medication-aware),0.16901801878806252,0.13692952051898225,0,0
P0053,True,ECTemp (HR only),0.7829963712007512,-0.7751669223608193,85,85
P0053,True,ThermoTwin (medication-aware),0.3938108351497557,-0.3893645693804095,85,85
P0054,False,ECTemp (HR only),0.07503386231634336,-0.04504554710980742,0,0
P0054,False,ThermoTwin (medication-aware),0.07503386231634336,-0.04504554710980742,0,0
P0055,False,ECTemp (HR only),0.08519425969265358,-0.038826042336782746,16,1
P0055,False,ThermoTwin (medication-aware),0.08519425969265358,-0.038826042336782746,16,1
P0056,False,ECTemp (HR only),0.10466307421538647,0.07900291667716193,0,0
P0056,False,ThermoTwin (medication-aware),0.10466307421538647,0.07900291667716193,0,0
P0057,True,ECTemp (HR only),0.5987687922249966,-0.5903373488837884,0,0
P0057,True,ThermoTwin (medication-aware),0.2341873383648165,-0.22528780473964014,0,0
P0058,True,ECTemp (HR only),0.9271887504138205,-0.9226893155853338,136,136
P0058,True,ThermoTwin (medication-aware),0.5174184188673926,-0.5146014486096133,136,136
P0059,False,ECTemp (HR only),0.11680113744901577,0.08060925248568436,174,0
P0059,False,ThermoTwin (medication-aware),0.11680113744901577,0.08060925248568436,174,0
